{
    "status": "success",
    "msg": "Completed",
    "results": {
        "search_metadata": {
            "id": 164494244,
            "status": "success",
            "created_at": "2024-12-08T16:43:04.000000Z",
            "processed_at": "2024-12-08 16:43:04"
        },
        "search_parameters": {
            "domain": "google.com",
            "lang": "en",
            "country": "ID",
            "location": "Indonesia",
            "q": "aretoto",
            "device": "mobile",
            "url": "https://www.google.com/search?q=aretoto&uule=w+CAIQICIJSW5kb25lc2lh&hl=en&gl=ID&num=100&ie=UTF-8",
            "page": "1",
            "num": 100,
            "ie": "UTF-8"
        },
        "results": {
            "organic": [
                {
                    "position": 1,
                    "site_title": "ARETOTO",
                    "title": "ARETOTO: Situs Judi Online Slot Gacor Maxwin Gampang Menang ...",
                    "link": "https://aretoto99.xyz/amp/",
                    "displayed_link": "https://aretoto-y01.xyz",
                    "snippet": "Situs Aman Dan Terpercaya Aretoto. Agen Aretoto adalah platform Pasang angka online yang menawarkan banyak keunggulan dan kelebihan bagi para penggunanya."
                },
                {
                    "position": 2,
                    "site_title": "HeyLink.me",
                    "title": "Aretoto - Agen Game Online Terbaik dan Terpercaya",
                    "link": "https://heylink.me/aretoto/",
                    "displayed_link": "https://heylink.me \u203a  aretoto ",
                    "snippet": "Aretoto adalah agen game online terbaik dan terpercaya yang menawarkan pengalaman bermain yang luar biasa. Segera daftar dan login."
                },
                {
                    "position": 3,
                    "site_title": "HeyLink.me",
                    "title": "Bandar Games Online | Aretoto Login Terpercaya",
                    "link": "https://heylink.me/are_toto/",
                    "displayed_link": "https://heylink.me \u203a  are_toto ",
                    "snippet": "agen judi slot online, togel online teraman dan terpercaya."
                },
                {
                    "position": 4,
                    "site_title": "cms-gb.com",
                    "title": "TOTO4D \u2708\ufe0f Situs Toto ~ Situs Togel Online 4D Resmi Hits #1 ...",
                    "link": "https://www.cms-gb.com/amp",
                    "displayed_link": "https://www.cms-gb.com",
                    "snippet": "Toto4d adalah pilihan terbaik untuk bermain situs toto dan daftar situs togel online yang saat ini terkenal di kalangan masyarakat Indonesia bahkan Asia."
                },
                {
                    "position": 5,
                    "site_title": "Wikipedia",
                    "title": "Toto (band)",
                    "link": "https://en.wikipedia.org/wiki/Toto_(band)",
                    "displayed_link": "https://en.wikipedia.org \u203a  wiki \u203a T... ",
                    "snippet": "Toto is an American rock band formed in Los Angeles, California in 1977. Toto combines elements of pop, rock, soul, funk, hard rock, R&amp;B, blues, and jazz."
                },
                {
                    "position": 6,
                    "site_title": "Malaysia Business Directory",
                    "title": "Toto 6D Prediction Today - SportsToto Predictions",
                    "link": "https://www.businesslist.my/sportstoto/predictions/6d-toto",
                    "displayed_link": "https://www.businesslist.my \u203a  predic... ",
                    "snippet": "Here are Toto 6D hearing for today any time draws: 08 December, 2024 - Sunday. #1 Toto 6D Prediction: 1. 1. 0. 6. 0. 5. #2 Toto 6D Prediction: 0. 0. 0. 5. 1. 1."
                }
            ],
            "related_search": [
                {
                    "title": "Aretoto login  ",
                    "link": "https://www.google.com/search?num=100&amp;sca_esv=d608386cb98ae779&amp;hl=en&amp;gl=ID&amp;q=Aretoto+login&amp;sa=X&amp;ved=2ahUKEwiHpf-Hz5iKAxWMU6QEHTO6OqgQ1QJ6BAgYEAE"
                },
                {
                    "title": "Aretoto casino  ",
                    "link": "https://www.google.com/search?num=100&amp;sca_esv=d608386cb98ae779&amp;hl=en&amp;gl=ID&amp;q=Aretoto+casino&amp;sa=X&amp;ved=2ahUKEwiHpf-Hz5iKAxWMU6QEHTO6OqgQ1QJ6BAgXEAE"
                },
                {
                    "title": "Aretoto app  ",
                    "link": "https://www.google.com/search?num=100&amp;sca_esv=d608386cb98ae779&amp;hl=en&amp;gl=ID&amp;q=Aretoto+app&amp;sa=X&amp;ved=2ahUKEwiHpf-Hz5iKAxWMU6QEHTO6OqgQ1QJ6BAgUEAE"
                },
                {
                    "title": "ALEXISTOGEL  ",
                    "link": "https://www.google.com/search?num=100&amp;sca_esv=d608386cb98ae779&amp;hl=en&amp;gl=ID&amp;q=ALEXISTOGEL&amp;sa=X&amp;ved=2ahUKEwiHpf-Hz5iKAxWMU6QEHTO6OqgQ1QJ6BAgTEAE"
                },
                {
                    "title": "Areatoto  ",
                    "link": "https://www.google.com/search?num=100&amp;sca_esv=d608386cb98ae779&amp;hl=en&amp;gl=ID&amp;q=Areatoto&amp;sa=X&amp;ved=2ahUKEwiHpf-Hz5iKAxWMU6QEHTO6OqgQ1QJ6BAgVEAE"
                },
                {
                    "title": "KPKTOTO  ",
                    "link": "https://www.google.com/search?num=100&amp;sca_esv=d608386cb98ae779&amp;hl=en&amp;gl=ID&amp;q=KPKTOTO&amp;sa=X&amp;ved=2ahUKEwiHpf-Hz5iKAxWMU6QEHTO6OqgQ1QJ6BAgWEAE"
                }
            ],
            "dmca_messages": {
                "title": "Notices about Filtered Results"
            }
        }
    }
}